z,Ar0.001,z,Ar0.4,z,Standard
7.5712741100089715,72.84158797630609,8.434009220034353,908.1975098847572,7.655387976439922,21.02705116794306
8.031742319560356,66.19312226568121,8.894551571380738,831.7960946757962,8.02154101380708,22.52023575996425
8.492448842024249,61.685755948350355,9.355088626884626,761.3956092244647,8.567681580582335,24.71687301081087
8.953224210440647,57.90511720646729,9.81558331564851,693.8398279212444,9.239686922962393,27.229911060230357
9.414153158289547,55.24567632916915,10.276115075309898,634.7601257750281,9.911549277594947,29.54852330335405
9.875150952090953,53.09329436478149,10.736652130813784,581.0361166269355,10.433367552864562,31.23705417949181
10.336196408474862,51.28244996367128,11.197173298790169,530.9668188842054,10.730193850884769,32.00181156099641
10.783298441139948,49.73060222743932,11.657747425191559,487.93551200300715,11.338884748253482,33.79673782547218
11.258573296737687,49.31206880436428,12.118295072380446,447.13851138511376,12.010408168966022,35.384028384229715
11.719793515924104,48.51811583865987,12.578879790466836,411.3611564130186,12.54756971043705,36.48614781994063
12.18108258106302,48.08555802405122,13.039464508553223,378.44649185162893,12.870674092425675,37.04068392386371
12.642334575304437,47.47050363845173,13.500065114167114,348.75056896688693,13.479104169551254,38.05463554042948
13.103650119655855,47.17913439260712,13.960681607308503,321.92492515062565,14.016148143318778,38.75537539227014
13.564918001424774,46.65394629525282,14.421308692134893,297.4955270295565,14.339184076543088,39.06079995475121
14.026212362406191,46.26389541646862,14.881951664488785,275.38197781665957,14.947477123743973,39.55305468531859
14.48755968181261,46.134604480183114,15.342599932685175,255.05489820102648,15.484388701448992,39.72166381439407
14.948832859424028,45.646585591278075,15.803258792566568,236.49283108228883,15.807380943972674,39.850264988896974
15.410100741192943,45.13845750147659,16.26392294829046,219.40441951343138,16.457554837625903,40.087957547323946
15.871421581386864,44.8865185486575,16.724624174911856,204.34984692890822,16.988789625226854,39.901412517540635
16.33266298394328,44.262806089894156,17.185314809848247,190.1153151063615,17.296319451397444,39.67976154075354
16.829621926046364,42.5830451975258,17.64602133231214,177.16956880541312,17.9254246867811,39.50880294005299
17.237418376591595,41.91389449846573,18.106727854776036,165.10535247060534,18.456632112529135,39.211395846053925
17.71626084794145,41.88020807532505,18.56745556060993,154.20749906523864,18.764160551693355,38.98786220584716
18.177493171910722,41.25866242075402,19.028193858128823,144.19028271322816,19.393204506613795,38.569274261132435
18.63872171313535,40.63009426456643,19.488926859805222,134.74833689216726,19.929911664798304,37.905830191534015
19.099964628789625,40.071933857931995,19.949696932379116,126.41901093735066,20.231776956957468,37.409016404011034
19.561155241694635,39.30357704201074,20.41045111742551,118.40556793386467,20.860677167581475,36.44940730826303
20.02239735036338,38.76033383276976,20.871205302471907,110.90008072194833,21.397336663183484,35.64242988670243
20.483609096201796,38.10213278850217,21.3319753750458,104.04490950385896,21.699160345151576,35.020929842965316
20.944726777790088,37.084592786372816,21.792761335147198,97.77752699994761,22.328033320014153,34.024498507672305
21.405935850488955,36.44455022355647,22.253536703563597,91.78487114320436,22.86468010559416,33.22654435888698
21.867088131581582,35.6012248774525,22.714349142877495,86.49773004441951,23.166493801116392,32.61273090406963
22.328204199198826,34.64456298170619,23.175150990506392,81.42394871795766,23.758039072146687,31.534575064976018
22.789380639420575,33.92941228051609,23.63596342982029,76.73363428672218,24.537915766657637,30.23686447394247
23.250526716811983,33.12256283117104,24.096759981606688,72.19217697666149,25.325363666602072,28.733056260218774
23.711619835778393,32.154424171141315,24.557567125078084,67.9955775531762,25.94202372306947,27.471912141256016
24.172750025642305,31.337121012246556,25.018374268549483,64.04293041730358,26.46477850399419,27.12272579332027
24.63384314460871,30.421168991848106,25.479202595390884,60.45525274476607,27.11788913096103,25.769803745148774
25.094946855260122,29.56506655065051,25.940009738862283,56.94093181083217,27.640280803679495,24.484367468222267
25.556055861754036,28.749142954312276,26.40084336154618,53.78120077069817,28.206366497216166,23.562546370004686
26.017085430610443,27.72201258156241,26.861661096702576,50.711584629433425,28.64173323650448,22.675431258707995
26.47818914126185,26.941868904232148,27.322484127701475,47.84394117992596,29.077099975792787,21.82171547566444
26.93926107685826,26.09589557599431,27.783323046227874,45.21431457311785,29.68675865407891,21.000141557086543
27.400253574817167,25.06516140461955,28.244151373069272,42.681413817076944,30.209150326797385,19.952623149688787
27.861336102098573,24.305309246976023,28.704984995753172,40.31296314748381,30.862260953764224,18.957356524063755
28.322381558482483,23.476331996765417,29.165823914279574,38.09725854879211,31.38477366255144,18.24362392578463
28.78338994396889,22.586959845977205,29.62667342449097,36.0436602524858,31.90716533526991,17.33360473244007
29.2444354003528,21.816590060780374,30.087501751332372,34.024498507672305,32.429557007988386,16.46897865482869
29.705449081681703,21.00184686973076,30.54834596570127,32.17242637670933,32.99552166545631,15.647481416580192
30.166446875483107,20.18361095653634,31.009174292542667,30.370130712988555,33.822803195352215,14.67799267622069
30.627487036024515,19.484303181942593,31.470034394439068,28.7652386548172,34.519244734931014,13.593563908785255
31.08849012566842,18.73567467610635,31.930883904650468,27.214674458217026,35.25938029532801,12.75133206328452
31.549456144414826,17.945362707231478,32.39172282317687,25.71888564387548,35.99939481965625,11.809247432396967
32.010432754846235,17.2076396504482,32.85257233338827,24.3325323535589,36.739409343984505,10.936765212249702
32.471414661120136,16.509481888800607,33.31343243528467,23.046693701810106,37.52299685306221,10.128743088211932
32.93236479233904,15.78654567609119,33.774271353811066,21.779987877360508,38.08908254659888,9.747402255566055
33.39332551524294,15.112173645877737,34.235115568179964,20.594427168764753,38.698378116678775,9.027251779484569
33.85427564646185,14.450424376279575,34.695970374233866,19.49521180308176,39.35136770757686,8.467940109855292
34.31522577768075,13.817652546067384,35.156814588602764,18.434019425490476,39.96078431372549,7.943282347242813
34.77618120474215,13.219986552329917,35.617674690499165,17.45988429068537,40.61365286855483,7.356422544596406
35.23714192764606,12.655253180406055,36.07851360902556,16.50024394437877,41.35378842895182,6.900632335524427
35.698092058864965,12.10109037464726,36.53936311923697,15.610813204646718,42.05022996853062,6.39080484186031
36.15902100671387,11.54531679271207,37.00019674192087,14.744547594376673,42.79012345679013,5.843414133735175
36.61994995456277,11.015068536579275,37.46105684381727,13.965380472602524,43.53025901718712,5.481367101558412
37.08089478993917,10.526834396890866,37.921901058186165,13.205196102338565,44.574800290486564,4.8231784822393
37.54180255441807,10.020902205494176,38.38275586424006,12.500376573074698,,
37.981779030999114,9.579950355594216,38.84360537445146,11.826555069598895,,
38.463649270003934,9.110796704295126,39.30444429297786,11.176537050369589,,
38.92458939796479,8.702637079953073,39.76528850734676,10.568159155042293,,
39.42739030281612,8.240774237555392,40.22612742587316,9.987305826204455,,
39.86733762704511,7.853917919285076,40.68698223192706,9.454239286602435,,
40.28634115510063,7.507199751737336,41.14781055876846,8.924613877859333,,
40.768197154173386,7.128816836533102,41.60865477313735,8.43881601550255,,
41.27103245678268,6.7750648581728905,42.06949369166375,7.974996886537596,,
42.10900067671538,6.164730614789752,42.530343201875155,7.545111885802786,,
42.779390787132876,5.725687657432938,42.99118741624405,7.134405128566037,,
43.279744613894934,5.498924764627466,43.452015743085454,6.734736565309941,,
44.052408617768094,5.0763967285022895,43.91285466161185,6.364578045229384,,
44.661825223916736,4.761872663008535,44.37369887598076,6.01813186262805,,
43.671568627450974,5.308844442309874,44.68793166261302,5.805556587843335,,
41.69096465746792,6.5354843312683215,,,,
